{
  "unit": "통합적 관점으로 바라보는 사회",
  "unitSlug": "integrated-perspective",
  "achievementStandard": "[10통사1-01-01] 시간적, 공간적, 사회적, 윤리적 관점의 특징을 이해하고, 이를 통합적으로 활용하여 사회 현상을 탐구한다.",
  "contents": [
    {
      "slug": "total100",
      "file": "c-ip-total100.html",
      "title": "4관점 마스터 퀴즈 🎯",
      "type": "웹교구",
      "difficulty": "보통",
      "duration": "15분",
      "tags": [
        "퀴즈",
        "4관점",
        "통사1"
      ],
      "desc": "시간·공간·사회·윤리적 관점 100문항 중 랜덤 출제되는 마스터 퀴즈"
    },
    {
      "slug": "mars-city",
      "file": "c-ip-mars-city.html",
      "title": "🚀 화성 이주 도시 설계 시뮬레이션",
      "type": "웹교구",
      "difficulty": "심화",
      "duration": "20분",
      "tags": [
        "시뮬레이션",
        "통합관점",
        "통사1"
      ],
      "desc": "4관점을 통합 적용하여 화성 이주 도시를 직접 설계하는 프로젝트형 활동"
    },
    {
      "slug": "crime-investigation",
      "file": "c-ip-crime-investigation.html",
      "title": "🔍 골든타임 프로토콜 — 범죄 수사 시뮬레이션",
      "type": "웹교구",
      "difficulty": "보통",
      "duration": "15분",
      "tags": [
        "시뮬레이션",
        "4관점",
        "통사1"
      ],
      "desc": "범죄 사건을 4가지 관점으로 분석하며 통합적 사고력을 기르는 수사 게임"
    }
  ]
}