{
  "unit": "통합사회 웹교구 모음",
  "unitSlug": "web-tools",
  "achievementStandard": "통합사회 전 단원에 걸친 체험형 웹교구 모음. 기후변화, 재난, 인권, 불평등, 문화, 행복 등 다양한 주제를 시뮬레이션으로 학습합니다.",
  "contents": [
    {
      "slug": "climate-novel",
      "file": "w-climate-novel.html",
      "title": "🌊 지구의 선택 — 기후변화 시뮬레이터",
      "type": "웹교구",
      "difficulty": "보통",
      "duration": "15분",
      "tags": [
        "기후변화",
        "환경",
        "시뮬레이션",
        "통사2"
      ],
      "desc": "기후 위기 상황에서 정책 선택을 하며 지구의 미래를 결정하는 인터랙티브 소설"
    },
    {
      "slug": "disaster-mayor",
      "file": "w-disaster-mayor.html",
      "title": "🏘️ 재난 시장 — 우리 마을을 지켜라",
      "type": "웹교구",
      "difficulty": "보통",
      "duration": "15분",
      "tags": [
        "재난",
        "안전",
        "시뮬레이션",
        "통사2"
      ],
      "desc": "시장이 되어 재난 상황에 대응하며 주민을 지키는 의사결정 게임"
    },
    {
      "slug": "human-rights-court",
      "file": "w-human-rights-court.html",
      "title": "⚖️ 인권 법정 — 당신이 판사입니다",
      "type": "웹교구",
      "difficulty": "보통",
      "duration": "15분",
      "tags": [
        "인권",
        "법",
        "시뮬레이션",
        "통사2"
      ],
      "desc": "실제 인권 사건을 심리하며 판결을 내리는 법정 시뮬레이션"
    },
    {
      "slug": "inequality-life",
      "file": "w-inequality-life.html",
      "title": "🎲 출발선이 다른 인생게임",
      "type": "웹교구",
      "difficulty": "쉬움",
      "duration": "15분",
      "tags": [
        "불평등",
        "사회구조",
        "게임",
        "통사2"
      ],
      "desc": "서로 다른 조건에서 시작하는 인생게임으로 사회 불평등을 체험"
    },
    {
      "slug": "culture-diplomat",
      "file": "w-culture-diplomat.html",
      "title": "🗺️ 문화 충돌 외교관",
      "type": "웹교구",
      "difficulty": "보통",
      "duration": "15분",
      "tags": [
        "문화",
        "다문화",
        "외교",
        "통사2"
      ],
      "desc": "다른 문화권과의 갈등 상황에서 외교적 해결을 모색하는 롤플레이"
    },
    {
      "slug": "happiness-radar",
      "file": "w-happiness-radar.html",
      "title": "😊 행복 레이더 — 나의 행복 성향 진단",
      "type": "웹교구",
      "difficulty": "쉬움",
      "duration": "10분",
      "tags": [
        "행복",
        "자기이해",
        "진단",
        "통사1"
      ],
      "desc": "다양한 행복 기준에서 나의 행복 성향을 레이더 차트로 분석"
    }
  ]
}