{
  "_comment": "★ 교과서 목차에서 단원명을 그대로 복사해서 title에 붙여넣으세요. slug는 영문 소문자+하이픈으로 작성합니다.",
  "subject": "통합사회",
  "curriculum": "2022 개정 교육과정",
  "units": [
    {
      "slug": "integrated-perspective",
      "code": "I",
      "title": "통합적 관점으로 바라보는 사회",
      "subtitle": "시간·공간·사회·윤리적 관점의 통합",
      "tags": [
        "통사1",
        "기초"
      ],
      "contentCount": 3,
      "categoryId": "integrated-social"
    },
    {
      "slug": "happiness",
      "code": "II",
      "title": "인간과 공동체 — 행복",
      "subtitle": "행복의 의미와 기준, 행복한 삶의 조건",
      "tags": [
        "통사1",
        "기초"
      ],
      "contentCount": 0,
      "categoryId": "integrated-social"
    },
    {
      "slug": "economy",
      "code": "IV-3",
      "title": "시장 경제와 지속가능발전 — 자산 관리와 금융 생활",
      "subtitle": "금융 자산의 특징과 자산 관리 원칙",
      "tags": [
        "통사2",
        "심화"
      ],
      "contentCount": 9,
      "categoryId": "integrated-social"
    },
    {
      "slug": "web-tools",
      "code": "★",
      "title": "통합사회 웹교구 모음",
      "subtitle": "체험형 시뮬레이션·게임·진단 도구",
      "tags": [
        "통사1",
        "통사2",
        "웹교구"
      ],
      "contentCount": 6,
      "categoryId": "integrated-social"
    }
  ]
}