{
  "unit": "학급 운영",
  "unitSlug": "1",
  "achievementStandard": "",
  "contents": [
    {
      "slug": "c-1-content-mm0j9sg5",
      "file": "c-1-content-mm0j9sg5.html",
      "title": "학생 선거 용지 생성기",
      "desc": "반장선거용 용지를 만드는 장치입니다.",
      "type": "웹교구",
      "difficulty": "보통",
      "duration": "15분",
      "tags": []
    },
    {
      "slug": "html",
      "file": "school rule.html",
      "title": "학급 규칙 만들기",
      "desc": "학급 규칙 만들기",
      "type": "웹교구",
      "difficulty": "",
      "duration": "",
      "tags": []
    },
    {
      "slug": "html",
      "file": "self.html",
      "title": "자기 소개 만들기",
      "desc": "자기 소개를 자유롭게 만들 수 있습니다.",
      "type": "웹교구",
      "difficulty": "",
      "duration": "",
      "tags": []
    }
  ]
}